<ebgfile xmlns:xsi="http://www.w3.org/2001/XMLSchema-instance">
<header>
<invid>51276060</invid>
<groupflag>N</groupflag>
<invcustomer>PFIZER</invcustomer>
<invoiceno>093393      </invoiceno>
<invtype>20 </invtype>
<invref>540087/3M                                         </invref>
<creatdt>2014-11-21 05:38:01</creatdt>
<filetype>SE1</filetype>
<ReceiverId>TRAX.ZAHUS</ReceiverId>
</header>
<invoicelist>
<invoice>
<invheader>
<invid>51276060</invid>
<invoiceno>093393      </invoiceno>
<acchouno>745</acchouno>
<sapcnyno>4017</sapcnyno>
<debitorno>130584    </debitorno>
<ctrlarea xsi:nil="true" />
<fileid>76353487</fileid>
<fileref>540087              </fileref>
<housecd>745</housecd>
<fileyear>201410</fileyear>
<filetype>SE1</filetype>
<shipnum>CHI540087           </shipnum>
<hawbpre>540</hawbpre>
<ufileid>14745540087     </ufileid>
<masterno xsi:nil="true" />
<invdt>2014-11-04</invdt>
<invtype>20 </invtype>
<maininvno>000000      </maininvno>
<invorigcd xsi:nil="true" />
<invdestcd xsi:nil="true" />
<delfl>N</delfl>
<hinvcurr>USD</hinvcurr>
<tinvcurr>USD</tinvcurr>
<nbdec>2.0</nbdec>
<paytermcd>P </paytermcd>
<htotneta>2075.00</htotneta>
<ttotneta>2075.00</ttotneta>
<htottaxa>0.00</htottaxa>
<ttottaxa>0.00</ttottaxa>
<htotinva>2075.0</htotinva>
<ttotinva>2075.0</ttotinva>
<editamount>0.0</editamount>
<languagecd>E </languagecd>
<invref>540087/3M                                         </invref>
<servdt>2014-11-04 00:00</servdt>
<vatplace />
<taxfromcd xsi:nil="true" />
<taxtocd xsi:nil="true" />
<vatcountry />
<vatreg />
<exrate>1.000000000</exrate>
<exratedate />
<depcd>SE</depcd>
<applicd>EF    </applicd>
<yourref1>INV 5212136                                       </yourref1>
<yourref2>BU POC: MARY VASILAKIS                            </yourref2>
<yourref3 />
<fileuom xsi:nil="true" />
<totgw>20064.0</totgw>
<totgwu>KG </totgwu>
<totgwi>0.0</totgwi>
<totgwiu xsi:nil="true" />
<totcw>20064.0</totcw>
<totcwu>KG </totcwu>
<totvol>50.0</totvol>
<totvolu>M3 </totvolu>
<totvoli>0.0</totvoli>
<totvoliu xsi:nil="true" />
<totpieces>38.0</totpieces>
<expplcd>USBAL </expplcd>
<exppltxt xsi:nil="true" />
<fromcd>USHOU</fromcd>
<tocd>BRSSZ</tocd>
<fromgtw>TRBAL</fromgtw>
<fromgtwname>Batman</fromgtwname>
<togtw>BRSSZ</togtw>
<togtwname>Santos</togtwname>
<fromtxt xsi:nil="true" />
<totxt xsi:nil="true" />
<fdestcd />
<fdesttxt xsi:nil="true" />
<agtctry>465</agtctry>
<agtcd>14</agtcd>
<flight>MSC NAVEGANTES                </flight>
<flightdt />
<eucomfl />
<acreatdt>2014-11-04 00:00</acreatdt>
<acreatus>JOHN.ISOLA@PANALPINA.COM                          </acreatus>
<falldt>2014-11-04 00:00</falldt>
<bookdt />
<booktxt />
<custtxt />
<termsofpay xsi:nil="true" />
<termsoftax xsi:nil="true" />
<ratesheetid xsi:nil="true" />
<sappullfl xsi:nil="true" />
<sapvarcd xsi:nil="true" />
<statuscd>BO </statuscd>
<formclass xsi:nil="true" />
<targetdest xsi:nil="true" />
<servlvl xsi:nil="true" />
<servtp xsi:nil="true" />
<cinvoiceno>000000      </cinvoiceno>
<cinvdt />
<chousecd />
<gbdcompfl />
<scpdispfl>Y</scpdispfl>
<creaappcd>FI    </creaappcd>
<restorefl>N</restorefl>
<insertdate>2014-11-04 14:46:32</insertdate>
<insertuser>MIAJI               </insertuser>
<lastupdate>2014-11-04 14:46:32</lastupdate>
<updateuser>MIAJI               </updateuser>
</invheader>
<invlinelist>
<invline>
<lineno>1.0</lineno>
<chargevalue>0.0</chargevalue>
<unittype />
<unitrate>0.0</unitrate>
<qtyrate>0.0</qtyrate>
<lineamount>1700.00</lineamount>
<tlineamount>1700.00</tlineamount>
<tcurr />
<costcenter xsi:nil="true" />
<taxrate>0.0</taxrate>
<calctax>0.0</calctax>
<taxcd />
<exrate>0.0</exrate>
<exratedate />
<tcetype>1510</tcetype>
<chrgcd>0.00</chrgcd>
<costtype>OFR</costtype>
<linetext>OFR-Base Freight</linetext>
<chrggrp>0.0</chrggrp>
<classcd xsi:nil="true" />
<direction xsi:nil="true" />
<splittaxfl xsi:nil="true" />
<perfdt />
<fileref xsi:nil="true" />
<housecd xsi:nil="true" />
<fileyear xsi:nil="true" />
<filetype xsi:nil="true" />
<insertdate>2014-11-04 14:46:33</insertdate>
<insertuser>MIAJI               </insertuser>
<lastupdate>2014-11-04 14:46:33</lastupdate>
<updateuser>MIAJI               </updateuser>
</invline>
<invline>
<lineno>2.0</lineno>
<chargevalue>0.0</chargevalue>
<unittype />
<unitrate>0.0</unitrate>
<qtyrate>0.0</qtyrate>
<lineamount>300.00</lineamount>
<tlineamount>300.00</tlineamount>
<tcurr />
<costcenter xsi:nil="true" />
<taxrate>0.0</taxrate>
<calctax>0.0</calctax>
<taxcd />
<exrate>0.0</exrate>
<exratedate />
<tcetype>1740</tcetype>
<chrgcd>0.00</chrgcd>
<costtype>BAF</costtype>
<linetext>BAF-Bunker Adjustment Factor</linetext>
<chrggrp>0.0</chrggrp>
<classcd xsi:nil="true" />
<direction xsi:nil="true" />
<splittaxfl xsi:nil="true" />
<perfdt />
<fileref xsi:nil="true" />
<housecd xsi:nil="true" />
<fileyear xsi:nil="true" />
<filetype xsi:nil="true" />
<insertdate>2014-11-04 14:46:33</insertdate>
<insertuser>MIAJI               </insertuser>
<lastupdate>2014-11-04 14:46:33</lastupdate>
<updateuser>MIAJI               </updateuser>
</invline>
<invline>
<lineno>3.0</lineno>
<chargevalue>0.0</chargevalue>
<unittype />
<unitrate>0.0</unitrate>
<qtyrate>0.0</qtyrate>
<lineamount>15.00</lineamount>
<tlineamount>15.00</tlineamount>
<tcurr />
<costcenter xsi:nil="true" />
<taxrate>0.0</taxrate>
<calctax>0.0</calctax>
<taxcd />
<exrate>0.0</exrate>
<exratedate />
<tcetype>1370</tcetype>
<chrgcd>0.00</chrgcd>
<costtype>OHC</costtype>
<linetext>OHC-Origin Terminal Handling</linetext>
<chrggrp>0.0</chrggrp>
<classcd xsi:nil="true" />
<direction xsi:nil="true" />
<splittaxfl xsi:nil="true" />
<perfdt />
<fileref xsi:nil="true" />
<housecd xsi:nil="true" />
<fileyear xsi:nil="true" />
<filetype xsi:nil="true" />
<insertdate>2014-11-04 14:46:33</insertdate>
<insertuser>MIAJI               </insertuser>
<lastupdate>2014-11-04 14:46:33</lastupdate>
<updateuser>MIAJI               </updateuser>
</invline>
<invline>
<lineno>4.0</lineno>
<chargevalue>0.0</chargevalue>
<unittype />
<unitrate>0.0</unitrate>
<qtyrate>0.0</qtyrate>
<lineamount>45.00</lineamount>
<tlineamount>45.00</tlineamount>
<tcurr />
<costcenter xsi:nil="true" />
<taxrate>0.0</taxrate>
<calctax>0.0</calctax>
<taxcd />
<exrate>0.0</exrate>
<exratedate />
<tcetype>0680</tcetype>
<chrgcd>0.00</chrgcd>
<costtype>ADM</costtype>
<linetext>ADM-Administrative Fee</linetext>
<chrggrp>0.0</chrggrp>
<classcd xsi:nil="true" />
<direction xsi:nil="true" />
<splittaxfl xsi:nil="true" />
<perfdt />
<fileref xsi:nil="true" />
<housecd xsi:nil="true" />
<fileyear xsi:nil="true" />
<filetype xsi:nil="true" />
<insertdate>2014-11-04 14:46:33</insertdate>
<insertuser>MIAJI               </insertuser>
<lastupdate>2014-11-04 14:46:33</lastupdate>
<updateuser>MIAJI               </updateuser>
</invline>
<invline>
<lineno>5.0</lineno>
<chargevalue>0.0</chargevalue>
<unittype />
<unitrate>0.0</unitrate>
<qtyrate>0.0</qtyrate>
<lineamount>15.00</lineamount>
<tlineamount>15.00</tlineamount>
<tcurr />
<costcenter xsi:nil="true" />
<taxrate>0.0</taxrate>
<calctax>0.0</calctax>
<taxcd />
<exrate>0.0</exrate>
<exratedate />
<tcetype>0500</tcetype>
<chrgcd>0.00</chrgcd>
<costtype>SED</costtype>
<linetext>SED-Shipper's Export Declaration Fee</linetext>
<chrggrp>0.0</chrggrp>
<classcd xsi:nil="true" />
<direction xsi:nil="true" />
<splittaxfl xsi:nil="true" />
<perfdt />
<fileref xsi:nil="true" />
<housecd xsi:nil="true" />
<fileyear xsi:nil="true" />
<filetype xsi:nil="true" />
<insertdate>2014-11-04 14:46:33</insertdate>
<insertuser>MIAJI               </insertuser>
<lastupdate>2014-11-04 14:46:33</lastupdate>
<updateuser>MIAJI               </updateuser>
</invline>
</invlinelist>
<invtaxlist>
<invtax>
<taxcd />
<chrggrp>0.0</chrggrp>
<lineno>0.0</lineno>
<hamount>2075.00</hamount>
<tamount>2075.00</tamount>
<htaxa>0.0</htaxa>
<ttaxa>0.0</ttaxa>
<exrate>0.0</exrate>
<htaxb>0.0</htaxb>
<ttaxb>0.0</ttaxb>
<base />
<baxtaxcd />
<taxname>VAT</taxname>
<taxdesc />
<activefl>Y</activefl>
<insertdate>2014-11-21 05:38:01</insertdate>
<insertuser>Enrichment</insertuser>
<lastupdate>2014-11-21 05:38:01</lastupdate>
<updateuser>Enrichment</updateuser>
</invtax>
</invtaxlist>
<partnerlist>
<partner>
<rolecd>BIF</rolecd>
<housecd>745</housecd>
<partnum>0000004017</partnum>
<name1>PANALPINA, INC.</name1>
<name2 />
<housenum>745</housenum>
<address1>PANALPINA, INC.</address1>
<address2 />
<address3>800 E. DEVON AVENUE</address3>
<address4 />
<address5 xsi:nil="true" />
<zipcd>60007</zipcd>
<cityname>ELK GROVE VILLAGE</cityname>
<statecd>IL </statecd>
<ctrycd>US</ctrycd>
<email>                                                                                                                                                                                                                                                 </email>
<Fax>(630) 477 1394</Fax>
<phone>(630) 477 1400</phone>
<VATreg>135349950</VATreg>
<VATregNrFed>13-5349950</VATregNrFed>
<VATregNrMun>135349950</VATregNrMun>
</partner>
<partner>
<rolecd>BTO</rolecd>
<housecd>745</housecd>
<partnum>745130584           </partnum>
<name1>TRAX US</name1>
<name2 />
<housenum />
<address1>RUE LAID BURNIAT 1</address1>
<address2 />
<address3 xsi:nil="true" />
<address4 xsi:nil="true" />
<address5 xsi:nil="true" />
<zipcd>1348</zipcd>
<cityname>LOUVAIN-LA-NEUVE</cityname>
<statecd />
<ctrycd>BE</ctrycd>
<email xsi:nil="true" />
<Fax />
<phone />
<VATreg />
<VATregNrFed />
<VATregNrMun />
</partner>
<partner>
<rolecd>CNE</rolecd>
<housecd />
<partnum>1000261560          </partnum>
<name1>ZOETIS CAMPINAS</name1>
<name2>FORT DODGE SAUDE ANIMAL LTDA</name2>
<housenum />
<address1>1701 VILLA BOA VISTA</address1>
<address2 />
<address3 />
<address4 />
<address5 />
<zipcd>13064-798   </zipcd>
<cityname>CAMPINAS</cityname>
<statecd>SP</statecd>
<ctrycd>BR </ctrycd>
<email />
<Fax />
<phone />
<VATreg xsi:nil="true" />
<VATregNrFed xsi:nil="true" />
<VATregNrMun xsi:nil="true" />
</partner>
<partner>
<rolecd>INV</rolecd>
<housecd>745</housecd>
<partnum>745130584           </partnum>
<name1>ZOETIS BELGIUM SA                  </name1>
<name2 />
<housenum />
<address1>RUE LAID BURNIAT 1                 </address1>
<address2 />
<address3 />
<address4>LOUVAIN-LA-NEUVE 1348 B            </address4>
<address5 />
<zipcd>1348</zipcd>
<cityname>LOUVAIN-LA-NEUVE</cityname>
<statecd />
<ctrycd>BE</ctrycd>
<email xsi:nil="true" />
<Fax />
<phone />
<VATreg />
<VATregNrFed />
<VATregNrMun />
</partner>
<partner>
<rolecd>SHF</rolecd>
<housecd xsi:nil="true" />
<partnum>1001051276          </partnum>
<name1>ALPHARMA / PFIZER INC.</name1>
<name2 />
<housenum xsi:nil="true" />
<address1>601 BEAM STREET</address1>
<address2 />
<address3 />
<address4 />
<address5 />
<zipcd>21801       </zipcd>
<cityname>SALISBURY</cityname>
<statecd>USBAL  BALTIMORE, MD       </statecd>
<ctrycd>US </ctrycd>
<email xsi:nil="true" />
<Fax xsi:nil="true" />
<phone xsi:nil="true" />
<VATreg xsi:nil="true" />
<VATregNrFed xsi:nil="true" />
<VATregNrMun xsi:nil="true" />
</partner>
<partner>
<rolecd>SHP</rolecd>
<housecd />
<partnum>1001051276          </partnum>
<name1>ALPHARMA SALISBURY</name1>
<name2>ALPHARMA / PFIZER INC.</name2>
<housenum />
<address1>601 BEAM STREET</address1>
<address2 />
<address3 />
<address4 />
<address5 />
<zipcd>21801       </zipcd>
<cityname>SALISBURY</cityname>
<statecd>MD</statecd>
<ctrycd>US </ctrycd>
<email />
<Fax />
<phone />
<VATreg xsi:nil="true" />
<VATregNrFed xsi:nil="true" />
<VATregNrMun xsi:nil="true" />
</partner>
</partnerlist>
<scpfilelist>
<scpfile>
<opfilelist>
<opfile>
<masterno />
<apickdt xsi:nil="true" />
<traftype>1</traftype>
<shiptomas xsi:nil="true" />
<totgw>20064.0</totgw>
<totv>50.0</totv>
<totpiece>38.0</totpiece>
<totcw>0.0</totcw>
<eta>2014-11-24 23:59</eta>
<etd>2014-11-05 23:59</etd>
</opfile>
</opfilelist>
<opairlist xsi:nil="true" />
<opsealist>
<opsea>
<incotcd>CPT</incotcd>
<lcarrcd>MSC </lcarrcd>
<carrname>MSC, MEDITERRANEAN SHIPPING C </carrname>
<voyageno>UA444A    </voyageno>
<scac>MSCU</scac>
<expplcd>USBAL </expplcd>
<exppltxt>BALTIMORE, MD       </exppltxt>
<plrcpcd>USSBY</plrcpcd>
<plrcptxt>SALISBURY</plrcptxt>
<fdestcd>BRSSZ </fdestcd>
<fdesttxt>SANTOS              </fdesttxt>
<pldelcd>BRCPQ</pldelcd>
<pldeltxt>CAMPINAS</pldeltxt>
<fromcd>CAMTR</fromcd>
<fromtxt>MONTREAL</fromtxt>
<tocd>ZADUR</tocd>
<totxt>DURBAN</totxt> 
</opsea>
</opsealist>
<oplandlist xsi:nil="true" />
<containerlist>
<container>
<fileid>76353487</fileid>
<contkey>1#MEDU4165737       </contkey>
<contno>MEDU4165737    </contno>
<seqno>1.0</seqno>
<housecd>745</housecd>
<contcd />
<amstype>42G0</amstype>
<contsize>40  </contsize>
<csizetxt />
<sealno>UL-6616711               </sealno>
<vol>50.0</vol>
<volu>M3 </volu>
<voli>1765.7</voli>
<voliu>F3 </voliu>
<tarew>0.0</tarew>
<tarewu />
<grosw>20064.0</grosw>
<groswu>KG </groswu>
<groswi>44232.804</groswi>
<groswiu>LB </groswiu>
<printfl>Y</printfl>
<dggdfl>N</dggdfl>
<statusfl />
<bulkfl />
<emptyfl />
</container>
</containerlist>
<ptc_ship_infolist>
<Ptc_ship_info>
<perfid>47181221</perfid>
<fileid>76353487</fileid>
<shiptype>F  </shiptype>
<filetype>SE1</filetype>
<contkey>MEDU4165737         </contkey>
<ttprojcd />
<scpmovtype />
<lcpmovtype />
<cargocancelfl />
<destchangecd />
<destchangetxt />
<bookeddt />
<bookedplcd />
<pickedupdt />
<pickedupplcd />
<pickeduppltxt />
<receiveddt />
<perfid />
<dep1legdt>2014-11-05 00:00:00</dep1legdt>
<dep1legplcd>USBAL </dep1legplcd>
<cargoreldt />
<cargorelpcd xsi:nil="true" />
<delivereddt />
<deliveredplcd />
<deliveredpltxt />
<arrllegdt />
<arrllegplcd />
<diffreceiveddep1leg>0</diffreceiveddep1leg>
<diffreceiveddelivered>0</diffreceiveddelivered>
<diffdep1legarrived>0</diffdep1legarrived>
<diffdep1legdelivered>0</diffdep1legdelivered>
<diffarrllegdelivered>0</diffarrllegdelivered>
<diffetddep1leg>0</diffetddep1leg>
<diffetaarrlleg>0</diffetaarrlleg>
<laststatuscd>13 </laststatuscd>
<laststatusdt>2014-11-12 18:40:54</laststatusdt>
<activefl>Y</activefl>
<filelevel>C</filelevel>
<insertdate>2014-10-30 21:19:01</insertdate>
<insertuser>PTC</insertuser>
<lastupdate>2014-11-12 18:41:16</lastupdate>
<updateuser>SCP_SE    </updateuser>
<codeLabels />
</Ptc_ship_info>
<Ptc_ship_info>
<perfid>46189302</perfid>
<fileid>76353487</fileid>
<shiptype>F  </shiptype>
<filetype>SE1</filetype>
<contkey />
<ttprojcd>PFZ                 </ttprojcd>
<scpmovtype />
<lcpmovtype>DP </lcpmovtype>
<cargocancelfl />
<destchangecd />
<destchangetxt />
<bookeddt>2014-10-10 14:51:00</bookeddt>
<bookedplcd>CHI   </bookedplcd>
<pickedupdt />
<pickedupplcd />
<pickeduppltxt />
<receiveddt>2014-10-29 13:49:00</receiveddt>
<perfid>USBAL </perfid>
<dep1legdt>2014-11-05 00:00:00</dep1legdt>
<dep1legplcd>USBAL </dep1legplcd>
<cargoreldt />
<cargorelpcd xsi:nil="true" />
<delivereddt />
<deliveredplcd />
<deliveredpltxt />
<arrllegdt />
<arrllegplcd />
<diffreceiveddep1leg>0</diffreceiveddep1leg>
<diffreceiveddelivered>0</diffreceiveddelivered>
<diffdep1legarrived>0</diffdep1legarrived>
<diffdep1legdelivered>0</diffdep1legdelivered>
<diffarrllegdelivered>0</diffarrllegdelivered>
<diffetddep1leg>0</diffetddep1leg>
<diffetaarrlleg>0</diffetaarrlleg>
<laststatuscd>12 </laststatuscd>
<laststatusdt>2014-11-19 20:11:00</laststatusdt>
<activefl>Y</activefl>
<filelevel>S</filelevel>
<insertdate>2014-10-10 14:51:29</insertdate>
<insertuser>SE    </insertuser>
<lastupdate>2014-11-20 22:31:14</lastupdate>
<updateuser>COM - SCP</updateuser>
<codeLabels />
</Ptc_ship_info>
</ptc_ship_infolist>
<milestonelist>
<milestone>
<name>DELIVERY</name>
<location />
<localtime />
</milestone>
<milestone>
<name>DELIVERY</name>
<location />
<localtime />
</milestone>
</milestonelist>
</scpfile>
</scpfilelist>
<lcpfilelist>
<lcpfile>
<unitlist>
<Lcp_unit>
<invno>5212136</invno>
<ponumber>MANU</ponumber>
<shiporder>9394985</shiporder>
</Lcp_unit>
</unitlist>
<chargelist>
<Lcp_charge>
<chrgcd>CUSTOM</chrgcd>
<amount>93714.65</amount>
<chrgcurr>USD</chrgcurr>
</Lcp_charge>
<Lcp_charge>
<chrgcd>UNIVAL</chrgcd>
<amount>93714.65</amount>
<chrgcurr>USD</chrgcurr>
</Lcp_charge>
</chargelist>
<containerlist>
<Lcp_container>
<fileid>33855696</fileid>
<contkey>MEDU4165737           </contkey>
<activefl>Y</activefl>
<shipnum>CHI540365  </shipnum>
<delcond />
<precarrcd />
<custclear />
<groupcd />
<totpiece>38.0</totpiece>
<grossw>20064.0</grossw>
<grosswu>KG </grosswu>
<totv>50.0</totv>
<totvu>M3 </totvu>
<totcase>0.0</totcase>
<contcd />
<contsize>40  </contsize>
<tarew>0.0</tarew>
<tarewu>KG </tarewu>
<fromcd>BAL   </fromcd>
<ftomtxt xsi:nil="true" />
<tocd>SSZ   </tocd>
<scac>MSCU</scac>
<voyageno>UA444A</voyageno>
<vessel>MSC NAVEGANTES</vessel>
<sealno>UL-6616711</sealno>
<etd>2014-11-05 23:59</etd>
<eta>2014-11-24 23:59</eta>
</Lcp_container>
</containerlist>
<fileref>CHI1412136</fileref>
<servlvl>P2</servlvl>
<servtp>D2P</servtp>
<paytrmcd>CC</paytrmcd>
<gdsrcptdt>2014-10-29 16:19</gdsrcptdt>
<duedt>2014-12-16 06:00</duedt>
<shptomas />
<apickdt>2014-10-29 16:19</apickdt>
<commodity>PERISHABLE</commodity>
<singlefl />
<singlepre>CHI</singlepre>
<singleno>540087      </singleno>
<masterno>CHI540365</masterno>
<implicno />
<nbpcsshp>0.0</nbpcsshp>
<custreflist>
<custref>5212136</custref>
<custref>MANU</custref>
</custreflist>
</lcpfile>
</lcpfilelist>
<additionalinfolist xsi:nil="true" />
</invoice>
</invoicelist>
</ebgfile>